1;4;1;1;0.8951975107;0.112357609;0.08802050352;0
1;4;1;1;0.9071332812;0.09196983278;0.1019534245;0
1;4;1;1;0.8997147083;0.1253704131;0.07329598814;0
1;4;1;1;0.897865355;0.13116166;0.06859769672;0
1;4;1;1;0.8529657722;0.3045909703;0;0
1;4;1;1;0.8806770444;0.1811757237;0.02860762179;0
1;4;1;1;0.8862109184;0.135951966;0.06957685202;0
1;4;1;1;0.9062837958;0.09246258438;0.101886265;0
1;4;1;1;0.9119127989;0.06521466374;0.1254680306;0
1;4;1;1;0.9189311266;0.03798964247;0.1483601034;0
1;4;1;1;0.5840099454;0.4203680754;0;0
1;4;1;1;0.8964720368;0.09903863817;0.1002571434;0
1;4;1;1;0.8993497491;0.1110099182;0.0873252973;0
1;4;1;1;0.8966935873;0.1170589626;0.08276606351;0
1;4;1;1;0.4342672825;0.4686071873;0.04607903957;0
1;4;1;1;0.9283306599;0.03753901646;0.1442778856;0
1;4;1;1;0.8814510703;0.08367523551;0.127828747;0
1;4;1;1;0.9374479651;0;0.1870830953;0
1;4;1;1;0.9051431417;0.07035069168;0.1237663254;0
1;4;1;1;0.7111383677;0.3213891089;0;0
1;4;1;1;0.7096327543;0.5071384311;0;0
1;4;1;1;0.8972107768;0.1371486634;0.06313643605;0
1;4;1;1;0.7827868462;0.5935656428;0;0
1;4;1;1;0.8784587979;0.1611626595;0.04898069799;0
1;4;1;1;0.8907648921;0.1215583682;0.08127433807;0
1;4;1;1;0.8989971876;0.1021294817;0.09606189281;0
1;4;1;1;0.8864290714;0.1561979055;0.04994029552;0
1;4;1;1;0.8419753313;0.1798595488;0.05438394099;0
1;4;1;1;0.5533876419;0.6053951979;0;0
1;4;1;1;0.8988941312;0.107270211;0.0911520496;0
1;4;1;1;0.9084652662;0.07986291498;0.1129931808;0
1;4;1;1;0.8992370963;0.1106226444;0.08775305748;0
1;4;1;1;0.9163941145;0.03713958338;0.1503992975;0
1;4;1;1;0.8976197839;0.109049052;0.09004833549;0
1;4;1;1;0.9114961624;0.0685660243;0.1224350929;0
1;4;1;1;0.8357715607;0.1505080163;0.08404644579;0
1;4;1;1;0.8837723732;0.1479596049;0.05916464329;0
1;4;1;1;0.87027812;0.1219479442;0.09074337035;0
1;4;1;1;0.7528598309;0.2708603144;0.02366176248;0
1;4;1;1;0.8373792171;0.1686333716;0.06252295524;0
1;4;1;1;0.9182650447;0.03116055951;0.1552683562;0
1;4;1;1;0.9077715278;0.0818695277;0.1113907397;0
1;4;1;1;0.9077092409;0.1003150344;0.09362579882;0
1;4;1;1;0.6571404934;0;0.4398197532;0
1;4;1;1;0.9030448794;0.1367801726;0.06068838388;0
1;4;1;1;0.8890286088;0.1306273937;0.07335962355;0
1;4;1;1;0.8037615418;0.2285745144;0.02633596957;0
1;4;1;1;0.9389945865;0;0.2036728561;0
1;4;1;1;0.9041034579;0.1327422857;0.0640751645;0
1;4;1;1;0.9109047651;0.08889061213;0.1031116396;0
1;4;1;1;0.5824285746;0.3664602637;0.04690828919;0
1;4;1;1;0.8834486008;0.1021158025;0.1035469249;0
1;4;1;1;0.9302174449;0.04084168375;0.1401850879;0
1;4;1;1;0.8888013959;0.1513980329;0.05343077332;0
1;4;1;1;0.900646925;0.09091179073;0.1060911268;0
1;4;1;1;0.904928267;0.09511850774;0.09997541457;0
1;4;1;1;0.7132583261;0.6301826835;0;0
1;4;1;1;0.8753449917;0.2111489177;0.002254009247;0
1;4;1;1;0.861025095;0.1556486189;0.06267796457;0
1;4;1;1;0.8930527568;0.1486099958;0.05407752097;0
1;4;1;1;0.9022281766;0.1012416631;0.09536578506;0
1;4;1;1;0.8519082665;0.1515406966;0.07231023163;0
1;4;1;1;0.9174714684;0;0.1952548474;0
1;4;1;1;0.8400938511;0.2689989507;0;0
1;4;1;1;0.9092658758;0.07439178228;0.1178866178;0
1;4;1;1;0.9075155854;0.1041613743;0.09000820667;0
1;4;1;1;0.8811309338;0.09862799942;0.1080254391;0
1;4;1;1;0.8985524178;0.1147877499;0.08406388015;0
1;4;1;1;0.9301422238;0.03301068023;0.1477759629;0
1;4;1;1;0.9015618563;0.1132927015;0.08406003565;0
1;4;1;1;0.9064201713;0.0824476853;0.111482352;0
1;4;1;1;0.8012352586;0.4059218168;0;0
1;4;1;1;0.9078255892;0.08928203583;0.1042137221;0
1;4;1;1;0.8959310055;0.1054663211;0.09431621432;0
1;4;1;1;0.9124899507;0.04953372478;0.1403184831;0
1;4;1;1;0.8842529655;0.1226862669;0.08331552148;0
1;4;1;1;0.9058337808;0.123143509;0.07250381261;0
1;4;1;1;0.9120556712;0.08517255634;0.1061454937;0
1;4;1;1;0.8752170205;0.1608355343;0.05085414648;0
1;4;1;1;0.8827499747;0.1389462203;0.06835136563;0
1;4;1;1;0.6757947206;0.6013902426;0;0
1;4;1;1;0.9005028009;0.09319665283;0.1039560959;0
1;4;1;1;0.9175527096;0.06863982975;0.11945346;0
1;4;1;1;0.6251182556;0.7563797832;0;0
1;4;1;1;0.9051305056;0.08321032673;0.1113663763;0
1;4;1;1;0.8985165954;0.1280502826;0.07128638029;0
1;4;1;1;0.8971963525;0.07907652855;0.1191670746;0
1;4;1;1;0.8953592181;0.09003196657;0.1094808578;0
1;4;1;1;0.9117714763;0.07083919644;0.1201097965;0
1;4;1;1;0.9158145785;0.05934305117;0.1292575151;0
1;4;1;1;0.9053404927;0.1294851303;0.06662292778;0
1;4;1;1;0.902022779;0.1105888933;0.08644696325;0
1;4;1;1;0.8959368467;0.1441470087;0.05699716508;0
1;4;1;1;0.8960907459;0.1405691803;0.06037484854;0
1;4;1;1;0.8828425407;0.173643887;0.03483314812;0
1;4;1;1;0.8720697165;0.1665456593;0.04685784876;0
1;4;1;1;0.8688485622;0.1166488677;0.1011072695;0
1;4;1;1;0.9002888203;0.111147657;0.08674115688;0
1;4;1;1;0.8915398717;0.1603637636;0.0434653759;0
1;4;1;1;0.8881571889;0.123511374;0.0806433633;0
1;4;1;1;0.9013271928;0.1024561822;0.09462702274;0
1;4;1;1;0.8540549874;0.2029486001;0.02171452343;0
1;4;1;1;0.9007489681;0.084425807;0.1122992784;0
1;4;1;1;0.8792969584;0.1650867462;0.0447922647;0
1;4;1;1;0.885182023;0.1622932404;0.04465919733;0
1;4;1;1;0.8920866847;0.08952406794;0.111543484;0
1;4;1;1;0.9083139896;0.08144105971;0.111543417;0
1;4;1;1;0.9175105095;0.06126855686;0.1265849769;0
1;4;1;1;0.8683743477;0.2041105032;0.01239387691;0
1;4;1;1;0.9394345284;0;0.2066294253;0
1;4;1;1;0.8127409816;0.4736872017;0;0
1;4;1;1;0.8919869661;0.1277662218;0.07469821721;0
1;4;1;1;0.8979888558;0.1150071621;0.0841230154;0
1;4;1;1;0.8853337765;0.1022145599;0.1025457233;0
1;4;1;1;0.9062905908;0.08945798129;0.1047816277;0
1;4;1;1;0.8211560845;0.20935148;0.03764483333;0
1;4;1;1;0.9098752737;0.0773177892;0.1147709936;0
1;4;1;1;0.922799468;0.06134086475;0.1239736676;0
1;4;1;1;0.8873226643;0.171656996;0.03459706903;0
1;4;1;1;0.8310082555;0.1834020019;0.05816435814;0
1;4;1;1;0.8897657394;0.1162554994;0.08687033504;0
1;4;1;1;0.9044244289;0.09781702608;0.09761419892;0
1;4;1;1;0.8879480362;0.1150966585;0.08886174113;0
1;4;1;1;0.845462203;0.1682549715;0.06375856698;0
1;4;1;1;0.9226270914;0.08427403867;0.1019322351;0
1;4;1;1;0.7776590586;0.4206148088;0;0
1;4;1;1;0.8817209601;0.1474947929;0.06059883535;0
1;4;1;1;0.8844867349;0.05889549479;0.1447438002;0
1;4;1;1;0.914701581;0.1075665578;0.08326991647;0
1;4;1;1;0.8581075668;0.2255567908;0;0
1;4;1;1;0.2214177549;0.83115381;0;0
1;4;1;1;0.8738386631;0.1837082505;0.02945059538;0
1;4;1;1;0.8851028681;0.1442170143;0.06213584542;0
1;4;1;1;0.8860154748;0.1608610451;0.04564036429;0
1;4;1;1;0.9073923826;0.08026270568;0.1131230667;0
1;4;1;1;0.8676509261;0.2057487369;0.01057583094;0
1;4;1;1;0.9205759764;0.06230449304;0.1241124794;0
1;4;1;1;0.8997545242;0.08976126462;0.1076299027;0
1;4;1;1;0.8950537443;0.1357567161;0.06551586837;0
1;4;1;1;0.8550813794;0.227414012;0;0
1;4;1;1;0.8237153888;0.2640908957;0;0
1;4;1;1;0.8879266977;0.1618692279;0.04374928772;0
1;4;1;1;0.9029568434;0.09123256803;0.1046716496;0
1;4;1;1;0.5060664415;0.5283566117;0;0
1;4;1;1;0.9006950855;0.1333283484;0.06471011043;0
1;4;1;1;0.9017754197;0.09583416581;0.1008001119;0
1;4;1;1;0.8975915909;0.1076973975;0.09136583656;0
1;4;1;1;0.8863540888;0.1231877357;0.08230230957;0
1;4;1;1;0.8860680461;0.1451629251;0.06075947732;0
1;4;1;1;0.9020231962;0.1051627249;0.09168151021;0
1;4;1;1;0.9042823911;0.07840889692;0.1164059639;0
1;4;1;1;0.9109287262;0.05915099755;0.1317907125;0
1;4;1;1;0.8868201971;0.1692747772;0.03713667393;0
1;4;1;1;0.9016093612;0.104816407;0.09221450984;0
1;4;1;1;0.8993167877;0.09791901708;0.09997026622;0
1;4;1;1;0.9001772404;0.1000817418;0.09747033566;0
1;4;1;1;0.8937820196;0.1580212414;0.04464781284;0
1;4;1;1;0.898681879;0.1369169354;0.06265303493;0
1;4;1;1;0.8612279892;0.2481087744;0;0
1;4;1;1;0.8848130703;0.1339563429;0.07217384875;0
1;4;1;1;0.9132012129;0.05805626884;0.131754756;0
1;4;1;1;0.9067754745;0.08553920686;0.1083291769;0
1;4;1;1;0.8868970871;0.1355565935;0.0696285367;0
1;4;1;1;0.8850396872;0.1539485157;0.0527779907;0
1;4;1;1;0.8906258941;0.1194009781;0.08342246711;0
1;4;1;1;0.9162231088;0.07339377701;0.1155061573;0
1;4;1;1;0.9278199673;0.06373997033;0.1192465648;0
1;4;1;1;0.5039232969;0.463149339;0.004848718643;0
1;4;1;1;0.8751406074;0.166180402;0.04573449492;0
1;4;1;1;0.8997422457;0.0818189159;0.1152979955;0
1;4;1;1;0.8972691298;0.1163116544;0.08321040124;0
1;4;1;1;0.8679775;0.1741317809;0.0415058136;0
1;4;1;1;0.8311764598;0.3139635921;0;0
1;4;1;1;0.8907932043;0.1410761923;0.06243136525;0
1;4;1;1;0.9011623263;0.1028784066;0.09429895878;0
1;4;1;1;0.9394978881;0;0.2155596614;0
1;4;1;1;0.9075194597;0.1079002321;0.08639936149;0
1;4;1;1;0.887476325;0.1322533786;0.07253688574;0
1;4;1;1;0.8995473385;0.1142573506;0.08409747481;0
1;4;1;1;0.8266046643;0.353964299;0;0
1;4;1;1;0.9174904823;0.06950573623;0.1186479926;0
1;4;1;1;0.8996493816;0.09874323756;0.09901528805;0
1;4;1;1;0.8913587928;0.1765296906;0.02795669436;0
1;4;1;1;0.8867670894;0.1407490373;0.06468174607;0
1;4;1;1;0.6911685467;0.2594036758;0.07836203277;0
1;4;1;1;0.8938008547;0.1195463836;0.08175644279;0
1;4;1;1;0.895450592;0.1485135406;0.05301830918;0
1;4;1;1;0.8959951997;0.1553328037;0.04617789388;0
1;4;1;1;0.8896155953;0.08827571571;0.1139352918;0
1;4;1;1;0.8997306824;0.1047998816;0.09313322604;0
1;4;1;1;0.9091985822;0.09126958996;0.1016364843;0
1;4;1;1;0.3651052117;0.7362797856;0;0
1;4;1;1;0.7427158356;0.3644994795;0;0
1;4;1;1;0.6784367561;0.3791573048;0;0
1;4;1;1;1.03188014;0;0.4460601807;0
1;4;1;1;0.9089577794;0.09201814979;0.1010300517;0
1;4;1;1;0.9446852803;0;0.18837744;0
1;4;1;1;0.7624374628;0.316016674;0;0
1;4;1;1;0.8688801527;0.2009348869;0.01446317136;0
1;4;1;1;0.8399422169;0.2730719447;0;0
1;4;1;1;0.8913277388;0.1647736728;0.03931294382;0
1;4;1;1;0.8945131302;0.1315860152;0.06979922205;0
1;4;1;1;0.904330492;0.103221558;0.09244547784;0
1;4;1;1;0.8641774058;0.172724247;0.04572428763;0
1;4;1;1;0.897130847;0.09349406511;0.1052895486;0
1;4;1;1;0.9027943611;0.09818030894;0.0980470553;0
1;4;1;1;0.8794972897;0.1735263169;0.03655411303;0
1;4;1;1;0.627782464;0.6409963369;0;0
1;4;1;1;0.8161866665;0.3883417547;0;0
1;4;1;1;0.8933844566;0.09790933877;0.1028303653;0
1;4;1;1;0.8963865638;0.1082619876;0.09140028059;0
1;4;1;1;0.8579702377;0.1764235348;0.04831345379;0
1;4;1;1;0.9012167454;0.1089420766;0.08842303604;0
1;4;1;1;0.9111471772;0.1089729518;0.08362121135;0
1;4;1;1;0.9014441371;0.1313262433;0.06671918929;0
1;4;1;1;0.897778511;0.115688026;0.08356726915;0
1;4;1;1;0.8658103347;0.1605721414;0.05917797983;0
1;4;1;1;0.9129433632;0.05307637528;0.1366829127;0
1;4;1;1;0.901070118;0.09739129245;0.09963684529;0
1;4;1;1;0.9001082778;0.08297897875;0.114002943;0
1;4;1;1;0.9144921899;0.04968802631;0.1392074525;0
1;4;1;1;0.8977838755;0.1192550808;0.08012346923;0
1;4;1;1;0.878000617;0.1493899524;0.06055831164;0
1;4;1;1;0.8987022042;0.07640887797;0.1210170239;0
1;4;1;1;0.924294889;0;0.1817595214;0
1;4;1;1;0.8222584128;0.4061592817;0;0
1;4;1;1;0.8688222766;0.2280552685;0;0
1;4;1;1;0.8764594793;0.2119170725;0.000977396965;0
1;4;1;1;0.8917037249;0.1108294204;0.09117370099;0
1;4;1;1;0.9116448164;0.07733340561;0.113905549;0
1;4;1;1;0.9039686918;0.1029023528;0.09292724729;0
1;4;1;1;0.8257185221;0.2296419442;0.0140671134;0
1;4;1;1;0.8895882368;0.1638152897;0.04107345641;0
1;4;1;1;0.899992764;0.1185210347;0.07977014035;0
1;4;1;1;0.9028571844;0.1118221357;0.08485627174;0
1;4;1;1;0.7121288776;0.2430588901;0.07638373971;0
1;4;1;1;0.8493489623;0.2132461071;0.01413834095;0
1;4;1;1;0.9003082514;0.1210772842;0.07715243101;0
1;4;1;1;0.9011065364;0.09403317422;0.1028590053;0
1;4;1;1;0.8622630835;0.1117134988;0.104645364;0
1;4;1;1;0.8974862695;0.07654445618;0.1214704961;0
1;4;1;1;0.9193752408;0.07160566002;0.1157164127;0
1;4;1;1;0.8849759698;0.1053736955;0.09967000037;0
1;4;1;1;0.8819491863;0.1931542456;0.01644030213;0
1;4;1;1;0.8803431392;0.1840693057;0.02597658336;0
1;4;1;1;0.8923576474;0.08310481161;0.1176060885;0
1;4;1;1;0.8956456184;0.1145766228;0.08566443622;0
1;4;1;1;0.8924387097;0.1211769283;0.08083803207;0
1;4;1;1;0.896265626;0.1212835163;0.07889613509;0
1;4;1;1;0.8599619865;0.2057761252;0.01482954621;0
1;4;1;1;0.9047682881;0.05736072734;0.1364781559;0
1;4;1;1;0.8888806701;0.121485278;0.08225033432;0
1;4;1;1;0.9057344794;0.09823402017;0.09658239782;0
1;4;1;1;0.9100292921;0.08519653976;0.1070961207;0
1;4;1;1;0.9193958044;0.04332424328;0.1429903507;0
1;4;1;1;0.8795243502;0.1787580252;0.03149394691;0
1;4;1;1;0.9221407771;0.04606166482;0.1387911439;0
1;4;1;1;0.9051004648;0.07626411319;0.1180819869;0
1;4;1;1;0.9215790629;0.07060515881;0.1156226248;0
1;4;1;1;0.8633100986;0.2063980103;0.01262064278;0
1;4;1;1;0.914929986;0.07873234898;0.1109772846;0
1;4;1;1;0.8891922235;0.133738786;0.07027931511;0
1;4;1;1;0.8784492612;0.1838214397;0.02712577581;0
1;4;1;1;0.8993541598;0.1096558571;0.08862949163;0
1;4;1;1;0.8991436362;0.1335737705;0.06565642357;0
1;4;1;1;0.8987349272;0.1046541333;0.09375232458;0
1;4;1;1;0.8976556063;0.0991769731;0.09955497831;0
1;4;1;1;0.5236433744;0.6416788697;0;0
1;4;1;1;0.8639400005;0.2851127684;0;0
1;4;1;1;0.8456085324;0.1824672818;0.05098813027;0
1;4;1;1;0.9000293016;0.1025340334;0.0951756686;0
1;4;1;1;0.9076751471;0.09192551672;0.1017002612;0
1;4;1;1;0.899911046;0.09337288141;0.1040704697;0
1;4;1;1;0.8924050331;0.150752455;0.05232191831;0
1;4;1;1;0.9045930505;0.09451079369;0.1007227823;0
1;4;1;1;0.9024247527;0.1031151265;0.09346393496;0
1;4;1;1;0.8697912097;0.1987983584;0.01609708369;0
1;4;1;1;0.8834985495;0.1426411867;0.06442701817;0
1;4;1;1;0.9153485894;0.05046476424;0.1380466223;0
1;4;1;1;0.8839303255;0.1734015644;0.03454419971;0
1;4;1;1;0.8938916326;0.08446770906;0.1155541092;0
1;4;1;1;0.9242210984;0.02626220509;0.1571317911;0
1;4;1;1;0.903080523;0.08365260065;0.1119247824;0
1;4;1;1;0.7302806973;0.5857543349;0;0
1;4;1;1;0.9090853333;0.08726961911;0.1055497676;0
1;4;1;1;0.9327754974;0.0007157027721;0.1776663661;0
1;4;1;1;0.2054255754;0.7321796417;0;0
1;4;1;1;0.8960278034;0.1475538015;0.05366680771;0
1;4;1;1;0.8991913199;0.09200187027;0.1057390347;0
1;4;1;1;0.9060436487;0.1192298681;0.07617855817;0
1;4;1;1;0.890350461;0.1277715713;0.07547947019;0
1;4;1;1;0.9179362655;0.03338452801;0.1532808691;0
1;4;1;1;0.9241271615;0;0.2063051164;0
1;4;1;1;0.8427128792;0.08531613648;0.1454286575;0
1;4;1;1;0.9017395973;0.06418854743;0.131346643;0
1;4;1;1;0.9088793993;0.07924778014;0.1133876145;0
1;4;1;1;0.8885044456;0.15244326;0.05256516486;0
1;4;1;1;0.8866582513;0.1663873494;0.04000009596;0
1;4;1;1;0.93277812;0.03290178254;0.1466143429;0
1;4;1;1;0.8524460793;0.1961350143;0.02857504785;0
1;4;1;1;0.8950901628;0.08933864534;0.1102790684;0
1;4;1;1;0.9028582573;0.1160524189;0.08077469468;0
1;4;1;1;0.9281234145;0.01702652872;0.1641664207;0
1;4;1;1;0.893704772;0.1341755688;0.0676894486;0
1;4;1;1;0.636631906;0.5787856579;0;0
1;4;1;1;0.897698164;0.1117264777;0.08742769808;0
1;4;1;1;0.9122579098;0.09190700203;0.09955140203;0
1;4;1;1;0.9523417354;0;0.2398943305;0
1;4;1;1;0.3147684634;0.1273757219;0.4676021636;0
1;4;1;1;0.8942650557;0.1225232854;0.07827889919;0
1;4;1;1;0.9322115183;0;0.2038196027;0
1;4;1;1;0.9176805615;0.04718170315;0.1400932372;0
1;4;1;1;0.9065403938;0.1185282618;0.07661672682;0
1;4;1;1;0.8869109154;0.09486310184;0.1088800058;0
1;4;1;1;0.8937255144;0.1539743245;0.0485791564;0
1;4;1;1;0.7309117913;0.3262421489;0;0
1;4;1;1;0.895845592;0.1319630891;0.06879519671;0
1;4;1;1;0.8876038194;0.1014794409;0.1021640524;0
1;4;1;1;0.8952604532;0.114686951;0.08574306965;0
1;4;1;1;0.1671745032;0.8381814361;0;0
1;4;1;1;0.9020171762;0.1036263853;0.09316660464;0
1;4;1;1;0.5284104943;0.6853694916;0;0
1;4;1;1;0.8945012689;0.1593212038;0.04304808378;0
1;4;1;1;0.8690795302;0.1782237291;0.03702862561;0
1;4;1;1;0.9101117849;0.07446531206;0.1174091399;0
1;4;1;1;0.8978300095;0.1384767592;0.06155762076;0
1;4;1;1;0.8320423961;0.2693651021;0;0
1;4;1;1;0.9068127275;0.08156131953;0.1121488288;0
1;4;1;1;0.8921100497;0.1179229319;0.08413514495;0
1;4;1;1;0.8969882727;0.08874198794;0.109942548;0
1;4;1;1;0.8572100401;0.1881786585;0.0331286639;0
1;4;1;1;0.8630152941;0.1733339578;0.04627069831;0
1;4;1;1;0.8749385476;0.2175130844;0;0
1;4;1;1;0.922703743;0.05447629839;0.1306420863;0
1;4;1;1;0.838668406;0.2472136617;0;0
1;4;1;1;0.9095624089;0.08059076965;0.1117637679;0
1;4;1;1;0.9066887498;0.1096383333;0.08512178808;0
1;4;1;1;0.9401489496;0;0.297377646;0
1;4;1;1;0.9159190059;0.08474428952;0.1047021449;0
1;4;1;1;0.8942233324;0.1436585635;0.05829179287;0
1;4;1;1;0.9138500094;0.0731100589;0.1169202477;0
1;4;1;1;0.8566915393;0.2357850373;0;0
1;4;1;1;0.9091148973;0.08039343357;0.1121692285;0
1;4;1;1;0.900094986;0.09575418383;0.1016847715;0
1;4;1;1;0.8923936486;0.1187269688;0.08322319388;0
1;4;1;1;0.8780737519;0.1291625053;0.08250927925;0
1;4;1;1;0.9050758481;0.08866547793;0.1061298922;0
1;4;1;1;0.7494978309;0.4280476868;0;0
1;4;1;1;0.9100721478;0.1140968353;0.07919465005;0
1;4;1;1;0.4480317533;0.7100207806;0;0
1;4;1;1;0.895324111;0.1451921016;0.05628335476;0
1;4;1;1;0.895819068;0.07333505899;0.125367865;0
1;4;1;1;0.9061158299;0.09755033255;0.09705869108;0
1;4;1;1;0.8866052032;0.01649536565;0.1851758063;0
1;4;1;1;0.8740158677;0.1436338872;0.06802619994;0
1;4;1;1;0.8451196551;0.2803536952;0;0
1;4;1;1;0.8402730227;0.2594447732;0;0
1;4;1;1;0.8946620822;0.110014908;0.09053785354;0
1;4;1;1;0.8848656416;0.1812646687;0.02650897205;0
1;4;1;1;0.6303137541;0.6037282348;0;0
1;4;1;1;0.8984533548;0.1465628147;0.05345727503;0
1;4;1;1;0.9008769393;0.1082494855;0.08925444633;0
1;4;1;1;0.8879452944;0.1585232317;0.04696832597;0
1;4;1;1;0.8671956062;0.1913745701;0.0252469629;0
1;4;1;1;0.6775709987;0.3350577056;0.01052524149;0
1;4;1;1;0.8978828192;0.1273250282;0.07229062915;0
1;4;1;1;0.8909311295;0.1395049393;0.06388095021;0
1;4;1;1;0.8982957602;0.1009889394;0.09749928117;0
1;4;1;1;0.9025155306;0.1111130565;0.08570449799;0
1;4;1;1;0.8935472369;0.1418498456;0.06036159396;0
1;4;1;1;0.8781841993;0.07742916048;0.1298925579;0
1;4;1;1;0.8996026516;0.1301130056;0.06877452135;0
1;4;1;1;0.894300282;0.1510100663;0.05116260052;0
1;4;1;1;0.9099915624;0.07294329256;0.1189352572;0
1;4;1;1;0.8979234099;0.09971579909;0.09890642762;0
1;4;1;1;0.8329566717;0.2837561369;0;0
1;4;1;1;0.9211624861;0.04215289652;0.1432714462;0
1;4;1;1;0.8888122439;0.1334459782;0.07074441761;0
1;4;1;1;0.8962655663;0.1098002791;0.08997436613;0
1;4;1;1;0.8901346326;0.1614950448;0.04304929078;0
1;4;1;1;0.9043493867;0.09719231725;0.09825294465;0
1;4;1;1;0.8550465703;0.2462434173;0;0
1;4;1;1;0.8843930364;0.1569080055;0.05023363978;0
1;4;1;1;0.9000173211;0.1201007068;0.07823439687;0
1;4;1;1;0.9224210978;0.03834713995;0.1461827755;0
1;4;1;1;0.8950123191;0.1196822599;0.0810431987;0
1;4;1;1;0.9162606001;0.05037202686;0.1376977712;0
1;4;1;1;0.9062620997;0.08668443561;0.1074710116;0
1;4;1;1;0.8943548203;0.120778203;0.08030191809;0
1;4;1;1;0.9157445431;0.02675179765;0.1607328355;0
1;4;1;1;0.8892591;0.117971085;0.08591323346;0
1;4;1;1;0.9070802927;0.08286613971;0.1105901748;0
1;4;1;1;0.9003858566;0.07248224318;0.1239960343;0
1;4;1;1;0.8967528939;0.1143773124;0.08532460779;0
1;4;1;1;0.8897060752;0.1337966621;0.06997656822;0
1;4;1;1;0.8971477151;0.1472319067;0.05343914032;0
1;4;1;1;0.9072055817;0.08451858163;0.109107092;0
1;4;1;1;0.893042922;0.1201692149;0.08151981235;0
1;4;1;1;0.8559425473;0.2279134691;0;0
1;4;1;1;0.8802536726;0.1759308577;0.03387093544;0
1;4;1;1;0.9328225851;0;0.2099943012;0
1;4;1;1;0.9217944741;0.08501876146;0.1016139314;0
1;4;1;1;0.9105739594;0.106551826;0.08623237163;0
1;4;1;1;0.9283820391;0.004516407847;0.1761109829;0
1;4;1;1;0.8981286883;0.07287309319;0.1247036606;0
1;4;1;1;0.919442296;0.05650118738;0.130255878;0
1;4;1;1;0.9026011229;0.1712360233;0.02766120434;0
1;4;1;1;0.895565331;0.1362176239;0.06482538581;0
1;4;1;1;0.8784235716;0.1034130752;0.1063942462;0
1;4;1;1;0.9006153345;0.06706821173;0.1291088313;0
1;4;1;1;0.8830794096;0.1381546557;0.06895670295;0
1;4;1;1;0.9062770605;0.08497400582;0.1091139019;0
1;4;1;1;0.8980390429;0.1519489139;0.04846026003;0
1;4;1;1;0.8864195347;0.1409154236;0.06468822807;0
1;4;1;1;0.9009386897;0.1163759977;0.08138495684;0
1;4;1;1;0.8940150142;0.1053680182;0.09533172846;0
1;4;1;1;0.9142102003;0.07196687907;0.1178500354;0
1;4;1;1;0.7689236403;0.4035392404;0;0
1;4;1;1;0.9423315525;0;0.2001968324;0
1;4;1;1;0.9047817588;0.0931989029;0.1018977016;0
1;4;1;1;0.7564502954;0.2097821236;0.08243989944;0
1;4;1;1;0.6877216101;0.3474814594;0;0
1;4;1;1;0.9144830108;0.04105451703;0.1475408524;0
1;4;1;1;0.8675290942;0.2035549283;0.01352459192;0
1;4;1;1;0.888739109;0.1201196313;0.08363579959;0
1;4;1;1;0.8966088295;0.08060203493;0.1179777086;0
1;4;1;1;0.8781468272;0.1492811143;0.06059304625;0
1;4;1;1;0.9019382;0.108317636;0.08867871761;0
1;4;1;1;0.5374829769;0.741938591;0;0
1;4;1;1;0.8799610734;0.1732549071;0.03659310937;0
1;4;1;1;0.8994651437;0.1160495505;0.08240798116;0
1;4;1;1;0.908891499;0.09059888124;0.102431111;0
1;4;1;1;0.9044028521;0.0941259563;0.1011854559;0
1;4;1;1;0.7486064434;0.5617138147;0;0
1;4;1;1;0.8987106681;0.1059502661;0.0925135985;0
1;4;1;1;0.8878365159;0.06898263842;0.1334027499;0
1;4;1;1;0.8936219215;0.1135351509;0.08764161915;0
1;4;1;1;0.9261097312;0;0.1875026822;0
1;4;1;1;0.8876481652;0.06919817626;0.1332853138;0
1;4;1;1;0.9022567868;0.1059995517;0.090761967;0
1;4;1;1;0.1884869933;0.8453782201;0;0
1;4;1;1;0.8077701926;0.2368183434;0.01885138452;0
1;4;1;1;0.8982515335;0.1350312233;0.06467906386;0
1;4;1;1;0.8925790787;0.1502736509;0.05270017684;0
1;4;1;1;0.8896188736;0.1320556998;0.07169801742;0
1;4;1;1;0.8978539705;0.06166959926;0.1356439739;0
1;4;1;1;0.8995723724;0.1402225941;0.05903608352;0
1;4;1;1;0.6392716765;0.6831025481;0;0
1;4;1;1;0.7887061238;0.3207246363;0;0
1;4;1;1;0.8967725635;0.1296788752;0.07055333257;0
1;4;1;1;0.8964940906;0.1149154902;0.08492974192;0
1;4;1;1;0.922827363;0.03725271299;0.146617204;0
1;4;1;1;0.9030210376;0.09545625001;0.1005660966;0
1;4;1;1;0.8869935274;0.106235005;0.09786949307;0
1;4;1;1;0.9129498601;0.09602889419;0.09524240345;0
1;4;1;1;0.9050890207;0.05425816774;0.1393171847;0
1;4;1;1;0.8149555922;0.1817542911;0.07396216691;0
1;4;1;1;0.9092414975;0.09544992447;0.09758298099;0
1;4;1;1;0.8497127891;0.1832645535;0.04462176561;0
1;4;1;1;0.8742150068;0.1271931827;0.08495084941;0
1;4;1;1;0.7170573473;0.4099155664;0;0
1;4;1;1;0.9181419015;0.04672125727;0.1403157413;0
1;4;1;1;0.8712002635;0.1127685905;0.1034395173;0
1;4;1;1;0.9035292268;0.09907417744;0.09683157504;0
1;4;1;1;0.8860048652;0.1697091609;0.03710944951;0
1;4;1;1;0.8857770562;0.150937289;0.0544275865;0
1;4;1;1;0.8957185745;0.1549934447;0.04663823545;0
1;4;1;1;0.8744850159;0.1788510382;0.03382587433;0
1;4;1;1;0.9010361433;0.1243721396;0.07362402231;0
1;4;1;1;0.9308426976;0;0.1854060292;0
1;4;1;1;0.903660357;0.1267341971;0.07008421421;0
1;4;1;1;0.9107397795;0.09454771876;0.09773337841;0
1;4;1;1;0.7858954072;0.4313771129;0;0
1;4;1;1;0;0.9865805507;0.2299213856;0
1;4;1;1;0.8999836445;0.08482401073;0.1122828871;0
1;4;1;1;0.9118031263;0.09237928689;0.09931430966;0
1;4;1;1;0.9115070701;0.08625634015;0.1053635553;0
1;4;1;1;0;0.9431155324;0.08506351709;0
1;4;1;1;0.8913759589;0.1240787953;0.07854918391;0
1;4;1;1;0.8323270679;0.25955984;0;0
1;4;1;1;0.9089667797;0.08044654131;0.1121891439;0
1;4;1;1;0.9076899886;0.09796646237;0.09590081871;0
1;4;1;1;0.9262684584;0.01208947226;0.1698207557;0
1;4;1;1;0.8820632696;0.112205945;0.09703471512;0
1;4;1;1;0.91466254;0.1051758826;0.08559504896;0
1;4;1;1;0.8890727162;0.1461054385;0.05840634555;0
1;4;1;1;0.8840609789;0.1540814638;0.0531200096;0
1;4;1;1;0.891345799;0.127418533;0.07534174621;0
1;4;1;1;0.8882371187;0.1265969574;0.07762821764;0
1;4;1;1;0.6681007147;0.5171711445;0;0
1;4;1;1;0.8738500476;0.1882563382;0.02505746484;0
1;4;1;1;0.9367855191;0;0.1919561625;0
1;4;1;1;0.8839460015;0.1504571438;0.05667176098;0
1;4;1;1;0.5054870844;0.5691676736;0;0
1;4;1;1;0.9108896255;0.04811990261;0.14245148;0
1;4;1;1;0.863281548;0.2371310592;0;0
1;4;1;1;0.9279542565;0.02498170361;0.1565731317;0
1;4;1;1;0.8865053654;0.16559425;0.04083871841;0
1;4;1;1;0.9049307108;0.1145244539;0.08125282079;0
1;4;1;1;0.9273859859;0.05588728935;0.1270307899;0
1;4;1;1;0.898842454;0.132114768;0.06720871478;0
1;4;1;1;0.934684515;0.01507430896;0.1628969014;0
1;4;1;1;0.9027768373;0.1015239805;0.09482976049;0
1;4;1;1;0.9183118939;0.08784861863;0.1005574092;0
1;4;1;1;0.8544052243;0.06988588721;0.1525673568;0
1;4;1;1;0.904948175;0.1076662689;0.08786071837;0
1;4;1;1;0.8611981869;0.08615167439;0.1370504647;0
1;4;1;1;0.8897771835;0.1222887412;0.08104436845;0
1;4;1;1;0.2273251563;0.8135371208;0;0
1;4;1;1;0.805663228;0.4851458371;0;0
1;4;1;1;0.9057479501;0.08743840456;0.106990695;0
1;4;1;1;0.8703129888;0.1677609086;0.04652965069;0
1;4;1;1;0.8907387257;0.1172875911;0.08540706336;0
1;4;1;1;0.9311948419;0;0.2017122656;0
1;4;1;1;0.9222772121;0.06279221177;0.1228244305;0
1;4;1;1;0.8976347446;0.1273546219;0.07238131762;0
1;4;1;1;0.8678002954;0.09762141109;0.1154064536;0
1;4;1;1;0.8883814216;0.14325203;0.06149128079;0
1;4;1;1;0.8965467811;0.1152480245;0.08458366245;0
1;4;1;1;0.8992947936;0.1065098345;0.09169307351;0
1;4;1;1;0.3933162689;0.6993721128;0;0
1;4;1;1;0.8938564062;0.1359589398;0.06589612365;0
1;4;1;1;0.9132750034;0.1058260649;0.08563455939;0
1;4;1;1;0.8694626093;0.2248027921;0;0
1;4;1;1;0.8937336206;0.1417536885;0.06036478281;0
1;4;1;1;0.8430589437;0.2963770926;0;0
1;4;1;1;0.8972955346;0.06773133576;0.1300643981;0
1;4;1;1;0.8986265063;0.1155648232;0.08327860385;0
1;4;1;1;0.894536376;0.1224371418;0.07861420512;0
1;4;1;1;0.8813133836;0.1751308441;0.034133479;0
1;4;1;1;0.9069159627;0.1262485534;0.06898830086;0
1;4;1;1;0.8777751327;0.03349300846;0.1743773222;0
1;4;1;1;0.8897739053;0.1645288169;0.04029586911;0
1;4;1;1;0.8328282237;0.200861156;0.03405702114;0
1;4;1;1;0.9008964896;0.07233402878;0.1238936484;0
1;4;1;1;0.8642049432;0.2547782958;0;0
1;4;1;1;0.8934554458;0.08192362636;0.1182180643;0
1;4;1;1;0.8875885606;0.2397886813;0;0
1;4;1;1;0.8136843443;0.3304615319;0;0
1;4;1;1;0.8851864934;0.1679186523;0.03923004866;0
1;4;1;1;0.9039705396;0.09201855958;0.1034262553;0
1;4;1;1;0.8888882995;0.02671310678;0.1736758351;0
1;4;1;1;0.9043139815;0.1415688545;0.05545874685;0
1;4;1;1;0;1.020743608;0.3141046464;0
1;4;1;1;0.8899365664;0.1153683215;0.08764412254;0
1;4;1;1;0.8973147273;0.1014862806;0.09749092907;0
1;4;1;1;0.8819003105;0.1575510502;0.05081113428;0
1;4;1;1;0.8465576172;0.3034873605;0;0
1;4;1;1;0.9321677089;0;0.1960966587;0
1;4;1;1;0.9016553164;0.1152096465;0.08216581494;0
1;4;1;1;0.8937573433;0.1236354038;0.07783254981;0
1;4;1;1;0.8960995078;0.117259413;0.08285813034;0
1;4;1;1;0.9077583551;0.1036650464;0.09037034959;0
1;4;1;1;0.9375287294;0;0.1874285638;0
1;4;1;1;0.8980578184;0.1087311134;0.09014454484;0
1;4;1;1;0.9215441346;0.03254460916;0.1523573995;0
1;4;1;1;0.9172480106;0.052695252;0.1349820793;0
1;4;1;1;1.032806754;0;0.463920176;0
1;4;1;1;0.8862765431;0.1199069396;0.08749749511;0
1;4;1;1;0.9095212817;0.09331538528;0.09950777888;0
1;4;1;1;0.8695511222;0.1452837288;0.07138764858;0
1;4;1;1;0.9421591163;0;0.1766733974;0
1;4;1;1;0.9075644016;0.08807178587;0.105506815;0
1;4;1;1;0.915638268;0.04727454856;0.1409850717;0
1;4;1;1;0.8981543779;0.116173014;0.08291874826;0
1;4;1;1;0.9084733129;0.08226745576;0.1106695756;0
1;4;1;1;0.9025548697;0.0928452611;0.1033089906;0
1;4;1;1;0.9054150581;0.09207328409;0.1026793346;0
1;4;1;1;0.8774175644;0.05435119569;0.1534607857;0
1;4;1;1;0.8885246515;0.1307459623;0.07348740101;0
1;4;1;1;0.9017161727;0.1149026155;0.08243269473;0
1;4;1;1;0.864890933;0.176843375;0.04037310183;0
1;4;1;1;0.8944610953;0.1302480847;0.07111494988;0
1;4;1;1;0.892072916;0.1396796107;0.06316373497;0
1;4;1;1;0.8538653255;0.1712161601;0.05490747839;0
1;4;1;1;0.8163066506;0.3927153647;0;0
1;4;1;1;0.8838943243;0.173482269;0.03448362648;0
1;4;1;1;0.9153117537;0.04486963153;0.1434620619;0
1;4;1;1;0.8943182826;0.0886913985;0.1112744436;0
1;4;1;1;0.8972055316;0.1217512935;0.07799324393;0
1;4;1;1;0.8776423931;0.164291203;0.04635486007;0
1;4;1;1;0.9180175662;0.08375202864;0.1046509668;0
1;4;1;1;0.8930340409;0.1575998962;0.04541373253;0
1;4;1;1;0.9005384445;0.1168130562;0.08115565032;0
1;4;1;1;0.6669713259;0.3174971938;0.03474386036;0
1;4;1;1;0.8788182139;0.1636976451;0.04636242986;0
1;4;1;1;0.8772593737;0.1660990268;0.0447948873;0
1;4;1;1;0.8842688799;0.1472380608;0.05962209404;0
1;4;1;1;0.8932086825;0.1338664591;0.06822607666;0
1;4;1;1;0.888710022;0.1559381932;0.04909470677;0
1;4;1;1;0.8650322556;0.2953771651;0;0
1;4;1;1;0.6926460862;0.4636481404;0;0
1;4;1;1;0.9141102433;0.04960291088;0.1394731104;0
1;4;1;1;0.9282369614;0.02972180024;0.1518644243;0
1;4;1;1;0.8999763727;0.05990887433;0.1390890181;0
1;4;1;1;0.8368526101;0.2713059783;0;0
1;4;1;1;0.925419867;0.01695334539;0.1655362397;0
1;4;1;1;0.8616696;0.1726338714;0.04904414713;0
1;4;1;1;0.901688695;0.093647331;0.102951467;0
1;4;1;1;0.8955106735;0.1065489948;0.09347372502;0
1;4;1;1;0.9047953486;0.08514614403;0.1096598804;0
1;4;1;1;0.8888118267;0.1551050842;0.04984951019;0
1;4;1;1;0.8912478089;0.1533844322;0.05033885688;0
1;4;1;1;0.9025403261;0.1380376667;0.05971771479;0
1;4;1;1;0.9004582763;0.1168141067;0.08119314164;0
1;4;1;1;0.9080889821;0.08757759631;0.1057314649;0
1;4;1;1;0.873493731;0.0953258425;0.1219822988;0
1;4;1;1;0.8911630511;0.03777810186;0.1619080156;0
1;4;1;1;0.8468145728;0.1894311011;0.04200294614;0
1;4;1;1;0.9039404392;0.08380042762;0.1113689393;0
1;4;1;1;0.8972517252;0.1057093665;0.09344709665;0
1;4;1;1;0.9085018635;0.07665544748;0.1157520264;0
1;4;1;1;0.8998839259;0.1179911047;0.08033367991;0
1;4;1;1;0.8914349079;0.1502332836;0.05328895152;0
1;4;1;1;0.9072549939;0.08559713513;0.1080428585;0
1;4;1;1;0.9235047698;0.05740037188;0.1274362206;0
1;4;1;1;0.8647574782;0.214341253;0.004262045026;0
1;4;1;1;0.9397657514;0;0.1782574356;0
1;4;1;1;0.8912879825;0.122096993;0.08050337434;0
1;4;1;1;0.8927078843;0.131937474;0.07032767683;0
1;4;1;1;0.8968914747;0.1560646296;0.0450411886;0
1;4;1;1;0.9027962685;0.1119133905;0.08479747176;0
1;4;1;1;0.8975436687;0.1451966166;0.0552124083;0
1;4;1;1;0.9220603108;0.01928019524;0.164905861;0
1;4;1;1;0.9073757529;0.08587699383;0.1077148169;0
1;4;1;1;0.9028100967;0.1113293022;0.0853543207;0
1;4;1;1;0.8905246854;0.1425552666;0.06113354117;0
1;4;1;1;0.7566362619;0.2357653081;0.0575889498;0
1;4;1;1;0.9270666242;0;0.1906521022;0
1;4;1;1;0.900182128;0.1036438793;0.09403149784;0
1;4;1;1;0.9028322101;0.1148753166;0.081922777;0
1;4;1;1;0.9138092399;0.07313922048;0.1169116795;0
1;4;1;1;0.8978969455;0.096451208;0.1020686254;0
1;4;1;1;0.9094364643;0.09684848785;0.0961400643;0
1;4;1;1;0.8981471062;0.136880964;0.06294474751;0
1;4;1;1;0.8908993602;0.152397871;0.05145804584;0
1;4;1;1;0.896455884;0.1103627235;0.08934029192;0
1;4;1;1;0.8978886604;0.1047007218;0.09411404282;0
1;4;1;1;0.8468292356;0.1930042356;0.03860804439;0
1;4;1;1;0.7560645342;0.4784390032;0;0
1;4;1;1;0.8933672905;0.1512828022;0.05134783685;0
1;4;1;1;0.9067004323;0.1089215726;0.08580762148;0
1;4;1;1;0.903372705;0.1039423496;0.09221036732;0
1;4;1;1;0.9096682072;0.07141267508;0.1200968176;0
1;4;1;1;0.8456293941;0.1527201831;0.08068992198;0
1;4;1;1;0.8976681828;0.1242481023;0.07536213845;0
1;4;1;1;0.9057679176;0.08723452687;0.1071778163;0
1;4;1;1;0.9027728438;0.1029978096;0.09340982139;0
1;4;1;1;0.9098824263;0.08874446154;0.1037439257;0
1;4;1;1;0.8974783421;0.1134452596;0.08587516099;0
1;4;1;1;0.8798613548;0.1102263629;0.09928760678;0
1;4;1;1;0.9000442028;0.09914389253;0.0984390229;0
1;4;1;1;0.6847863793;0.2815131843;0.05955342948;0
1;4;1;1;0.8991655111;0.1427454501;0.05679775029;0
1;4;1;1;0.868919313;0.1724393666;0.04268595576;0
1;4;1;1;0.6775052547;0.2928991318;0.05354437232;0
1;4;1;1;0.9266501069;0.03307092562;0.1493960023;0
1;4;1;1;0.9103659987;0.05304045603;0.1379561275;0
1;4;1;1;0.9034985304;0.09794664383;0.09793411195;0
1;4;1;1;0.8893985152;0.1183375269;0.08503820002;0
1;4;1;1;0.9018695354;0.1042969972;0.0925905332;0
1;4;1;1;0.8900210261;0.1137935519;0.08912274241;0
1;4;1;1;0.8889734149;0.1271366477;0.07675371319;0
1;4;1;1;0.8838280439;0.1395506263;0.06725025177;0
1;4;1;1;0.899858892;0.1158201993;0.08244004846;0
1;4;1;1;0.891577065;0.1663987935;0.03762538731;0
1;4;1;1;0.9054926634;0.09437033534;0.1004259884;0
1;4;1;1;0.8728890419;0.1615513861;0.0524225086;0
1;4;1;1;0.8927748203;0.120337449;0.08148633689;0
1;4;1;1;0.9128504992;0.02680402622;0.1620731652;0
1;4;1;1;0.9210765362;0.03647154942;0.1487936527;0
1;4;1;1;0.9018956423;0.08425658196;0.1119114906;0
1;4;1;1;0.8794786334;0.1606132835;0.0490206331;0
1;4;1;1;0.8933663368;0.1344301105;0.06760650873;0
1;4;1;1;0.8868032098;0.1324154735;0.07270403951;0
1;4;1;1;0.8944575787;0.1224236041;0.07866514474;0
1;4;1;1;0.8990161419;0.1120114252;0.0865194425;0
1;4;1;1;0.8551217318;0.1492258608;0.07711855322;0
1;4;1;1;0.8934886456;0.1325578243;0.06935402006;0
1;4;1;1;0.8952181935;0.128284663;0.07264530659;0
1;4;1;1;0.9064704776;0.1049422473;0.0897570774;0
1;4;1;1;0.900401175;0.1012678444;0.09621845931;0
1;4;1;1;0.8900603056;0.1515565813;0.05267290026;0
1;4;1;1;0.9050287008;0.07784949243;0.1165870279;0
1;4;1;1;0.9222468138;0.05434754491;0.1309858263;0
1;4;1;1;0.8940888047;0.1225529313;0.07871754467;0
1;4;1;1;0.9016160965;0.1394835114;0.0587670058;0
1;4;1;1;0.9054967761;0.09003686905;0.1046045795;0
1;4;1;1;0.8296622634;0.2704831958;0;0
1;4;1;1;0.9226357341;0.01469182968;0.1690558493;0
1;4;1;1;0.9086381197;0.0778939575;0.1148096323;0
1;4;1;1;0.8987734318;0.07964068651;0.1178649589;0
1;4;1;1;0.9579668641;0;0.3275618851;0
1;4;1;1;0.8940440416;0.1162474081;0.08482217044;0
1;4;1;1;0.898912847;0.108845219;0.08962357789;0
1;4;1;1;0.318331182;0.7275263667;0;0
1;4;1;1;0.9031803012;0.1145959944;0.08202494681;0
1;4;1;1;0.8938332796;0.04778525233;0.1509707123;0
1;4;1;1;0.8993408084;0.1036596224;0.09442061931;0
1;4;1;1;0.8890759945;0.1314555556;0.07253789157;0
1;4;1;1;0.8958548903;0.1134161055;0.08668341488;0
1;4;1;1;0.9012373686;0.1121433824;0.08532473445;0
1;4;1;1;0.899843514;0.1216797605;0.07679456472;0
1;4;1;1;0.8680033684;0.15088889;0.06672415137;0
1;4;1;1;0.8598278761;0.2415370345;0;0
1;4;1;1;0.8873949647;0.1529602408;0.05259953439;0
1;4;1;1;0.898902297;0.1103054881;0.08821988851;0
1;4;1;1;0.8910797834;0.1518461704;0.05190359056;0
1;4;1;1;0.92478019;0.04338911176;0.1403403282;0
1;4;1;1;0.9304741621;0.01260499284;0.1673023403;0
1;4;1;1;0.8950100541;0.1066727042;0.09359493107;0
1;4;1;1;0.9173181653;0.03670642525;0.1503731608;0
1;4;1;1;0.8839060068;0.1694504172;0.03836764395;0
1;4;1;1;0.9074396491;0.09538375586;0.09851266444;0
1;4;1;1;0.8972011209;0.111097455;0.08827333897;0
1;4;1;1;0.8974158764;0.1103920937;0.08885064721;0
1;4;1;1;0.9146722555;0.0721931532;0.1174096465;0
1;4;1;1;0.9319472909;0.0008138641715;0.1774862856;0
1;4;1;1;0.8971430659;0.1532676071;0.04761861265;0
1;4;1;1;0.9036823511;0.1049091816;0.09112882614;0
1;4;1;1;0.8930447102;0.1102431491;0.09109488875;0
1;4;1;1;0.8911622763;0.1674601287;0.03680078685;0
1;4;1;1;0.9242280126;0.06201259419;0.1226390898;0
1;4;1;1;0.898560524;0.1122612655;0.08649733663;0
1;4;1;1;0.9003391862;0.1080651954;0.08969067037;0
1;4;1;1;0.9449819326;0;0.1929144859;0
1;4;1;1;0.9099270105;0.09084606171;0.1016950235;0
1;4;1;1;0.8836088777;0.1932542026;0.01554630697;0
1;4;1;1;0.9012317657;0.1068268046;0.09045647085;0
1;4;1;1;0.8848866224;0.1432368457;0.06318536401;0
1;4;1;1;0.9124348164;0.05556695908;0.1345245987;0
1;4;1;1;0.9276481271;0;0.1865238845;0
1;4;1;1;0.8974531293;0.1254842877;0.07427288592;0
1;4;1;1;0.8982679844;0.1293061078;0.07019433379;0
1;4;1;1;0.8828318715;0.1506447047;0.05702620745;0
1;4;1;1;0.8876958489;0.1278344244;0.07669449598;0
1;4;1;1;0.8979007602;0.1143457219;0.08480344713;0
1;4;1;1;0.9050225616;0.07802404463;0.1164215878;0
1;4;1;1;0.9156037569;0.0707725659;0.1183325201;0
1;4;1;1;0.8939141035;0.12645486;0.07503721863;0
1;4;1;1;0.9042072296;0.1121105403;0.0839292407;0
1;4;1;1;0.9095651507;0.07590706646;0.1162809581;0
1;4;1;1;0.9152280688;0.05895611644;0.1299126744;0
1;4;1;1;0.7782326937;0.2870301306;0;0
1;4;1;1;0.8866807818;0.1238644719;0.08101218194;0
1;4;1;1;0.8847795129;0.1704053283;0.03702667356;0
1;4;1;1;0.9276657701;0;0.1925929189;0
1;4;1;1;0.9378842711;0;0.2222187221;0
1;4;1;1;0.08047860116;0.8240849376;0;0
1;4;1;1;0.9006959796;0.1131298542;0.08463322371;0
1;4;1;1;0.8998758197;0.1293159574;0.06941220164;0
1;4;1;1;0.90260607;0.05263718963;0.1420741975;0
1;4;1;1;0.8789935112;0.1393504143;0.06976660341;0
1;4;1;1;0.8817104101;0.1881210804;0.02141067386;0
1;4;1;1;0.8988344073;0.1304718405;0.068797566;0
1;4;1;1;0.8980388045;0.1366540641;0.06321569532;0
1;4;1;1;0.9043489099;0.09838086367;0.09710654616;0
1;4;1;1;0.9528316855;0;0.2199010849;0
1;4;1;1;0.9278201461;0;0.1930983067;0
1;4;1;1;0.8834990859;0.2055999637;0.003688827157;0
1;4;1;1;0.9126610756;0.09263475239;0.09865558147;0
1;4;1;1;0.9251799583;0;0.2002798319;0
1;4;1;1;0.878148973;0.0868473947;0.1242205501;0
1;4;1;1;0.9084973335;0.07355620712;0.1190620065;0
1;4;1;1;0.902803123;0.09576604515;0.1003719419;0
1;4;1;1;0.9100183249;0.07093410194;0.1208607554;0
1;4;1;1;0.8780968189;0.1763534695;0.03449971974;0
1;4;1;1;0.8632503152;0.1943802536;0.02569416165;0
1;4;1;1;0.6063563824;0.3643865883;0.03092782199;0
1;4;1;1;0.8056945205;0.2927383184;0;0
1;4;1;1;0.8948522806;0.1276488602;0.07343450189;0
1;4;1;1;0.8935489655;0.1198740602;0.08156141639;0
1;4;1;1;0.8874875307;0.1386119872;0.06639719754;0
1;4;1;1;0.9085664749;0.07449103892;0.1181269288;0
1;4;1;1;0.8851985931;0.1344984174;0.07146564871;0
1;4;1;1;0.9106515646;0.07015602291;0.121307075;0
1;4;1;1;0.8991311789;0.12064863;0.07813160866;0
1;4;1;1;0.8250396252;0.1608415246;0.08444936574;0
1;4;1;1;0.2718895674;0.6795376539;0;0
1;4;1;1;0.8884968162;0.1540723741;0.05099717528;0
1;4;1;1;0.9101783633;0.09183920175;0.1006161124;0
1;4;1;1;0.9080017805;0.07586999238;0.1170679778;0
1;4;1;1;0.8571015596;0.2132280171;0.00901503861;0
1;4;1;1;0.9271746874;0.03855461627;0.1438536495;0
1;4;1;1;0.9209907055;0.03189265355;0.1532523036;0
1;4;1;1;0.8622304201;0.2329774797;0;0
1;4;1;1;0.8914592862;0.1260230541;0.07663344592;0
1;4;1;1;0.8992389441;0.07989385724;0.1173970178;0
1;4;1;1;0.92078197;0.07122500986;0.1154076606;0
1;4;1;1;0.9281388521;0;0.1941481382;0
1;4;1;1;0.9033116698;0.09465260059;0.1012017354;0
1;4;1;1;0.8988137841;0.1198287532;0.07907509059;0
1;4;1;1;0.8952649832;0.1367406845;0.06446509808;0
1;4;1;1;0.8752753139;0.1840516329;0.02842892706;0
1;4;1;1;0.911154151;0.09407658875;0.09798871726;0
1;4;1;1;0.8595176935;0.2672228217;0;0
1;4;1;1;0.906036973;0.08924214542;0.1051117256;0
1;4;1;1;0.9019014239;0;0.4819663763;0
1;4;1;1;0.9250908494;0;0.3400461078;0
1;4;1;1;0.8748486638;0.1059076935;0.1060075089;0
1;4;1;1;0.8852343559;0.1626225114;0.04431638122;0
1;4;1;1;0.8020534515;0;0.3923723698;0
1;4;1;1;0.9060620666;0.08107808232;0.1129757091;0
1;4;1;1;0.8996022344;0.09089830518;0.1066061631;0
1;4;1;1;0.9081335068;0.09899183363;0.09469847381;0
1;4;1;1;0.9045184255;0.08749628067;0.1075257361;0
1;4;1;1;0.9183943868;0.07688991725;0.1110899597;0
1;4;1;1;0.9493189454;0;0.2300312221;0
1;4;1;1;0.8988984823;0.1356043518;0.0638152808;0
1;4;1;1;0.8728870749;0.2166620791;0;0
1;4;1;1;0.8222011924;0;0.3823368549;0
1;4;1;1;0.9138450027;0.0942120254;0.09656500816;0
1;4;1;1;0.9166693091;0.03068385273;0.1564950794;0
1;4;1;1;0.9488544464;0;0.2947350442;0
1;4;1;1;0.4907923639;0.4857290685;0;0
1;4;1;1;0.8916406631;0.1547330171;0.04884906113;0
1;4;1;1;0.9036927223;0.1104605868;0.08576823026;0
1;4;1;1;0.8886751533;0.1370113194;0.06737069786;0
1;4;1;1;0.2517602444;0.8158462048;0;0
1;4;1;1;0.891740799;0.1190454587;0.08322963864;0
1;4;1;1;0.837008357;0.2343096435;0.002572134137;0
1;4;1;1;0.894174397;0.115790911;0.08519990742;0
1;4;1;1;0.8677879572;0.1148190647;0.1020607427;0
1;4;1;1;0.8889481425;0.1644480526;0.04077059031;0
1;4;1;1;0.9081050158;0.1014591902;0.09233179688;0
1;4;1;1;0.890424192;0.1652409583;0.03929632902;0
1;4;1;1;0.7224454284;0.3404403925;0;0
1;4;1;1;0.9213571548;0.05582829937;0.1299848557;0
1;4;1;1;0.898974061;0.1050840318;0.09322268516;0
1;4;1;1;0.8907083273;0.1857128739;0.01941001415;0
1;4;1;1;0.8740831017;0.09707935154;0.115075469;0
1;4;1;1;0.7552111149;0.1367549002;0.1492774487;0
1;4;1;1;0.8313503265;0.2886959314;0;0
1;4;1;1;0.8955805898;0.1017294675;0.09808966517;0
1;4;1;1;0.8871771693;0.1459785402;0.05943962932;0
1;4;1;1;0.8938080668;0.1318435669;0.06988957524;0
1;4;1;1;0.9212148786;0.02233339846;0.1623666137;0
1;4;1;1;0.9309353232;0;0.2020792067;0
1;4;1;1;0.9031851888;0.1154789925;0.081170775;0
1;4;1;1;0.8834676147;0.06928607076;0.1356675029;0
1;4;1;1;0.8941856623;0.06522457302;0.1339771897;0
1;4;1;1;0.8858377337;0.1511285305;0.05511495471;0
1;4;1;1;0.9075447321;0.12587291;0.06904850155;0
1;4;1;1;0.911006093;0.0863892436;0.1054761037;0
1;4;1;1;0.8656042218;0.2379436791;0;0
1;4;1;1;0.8931072354;0.006831239909;0.190828979;0
1;4;1;1;0.8963826299;0.1182208955;0.08179448545;0
1;4;1;1;0.9016814828;0.1479338408;0.05058331788;0
1;4;1;1;0.8317843676;0.2555067837;0;0
1;4;1;1;0.8620494604;0.2215849459;0;0
1;4;1;1;0.8796094656;0.1884436309;0.02210913599;0
1;4;1;1;0.8924123645;0.1460455656;0.05685924739;0
1;4;1;1;0.9522640109;0;0.2609257698;0
1;4;1;1;0.5263805389;0.589063704;0;0
1;4;1;1;0.8975949883;0.07643973827;0.1215192974;0
1;4;1;1;0.4924445748;0.4294751883;0.04545523226;0
1;4;1;1;0.9304046631;0.00501730293;0.174220264;0
1;4;1;1;0.5250629187;0.3891332746;0.06290956587;0
1;4;1;1;0.8844788074;0.1421438009;0.06446885318;0
1;4;1;1;0.8400952816;0.2049803436;0.02921892703;0
1;4;1;1;0.6499731541;0.3783157468;0;0
1;4;1;1;0.7983970642;0.3350695372;0;0
1;4;1;1;0.1429807395;0.7770814896;0;0
1;4;1;1;0.9066452384;0.112079829;0.08278728276;0
1;4;1;1;0.9108399749;0.08103147894;0.1107246727;0
1;4;1;1;0.8902445436;0.128541708;0.07478740066;0
1;4;1;1;0.8903815746;0.1421605051;0.06158313155;0
1;4;1;1;0.872069478;0.2294247448;0;0
1;4;1;1;0.8971536756;0.1128830314;0.08657357097;0
1;4;1;1;0.8678837419;0.2084840536;0.008410319686;0
1;4;1;1;0.8402783275;0.1880837977;0.04903736711;0
1;4;1;1;0.9098436236;0.108801581;0.0838227421;0
1;4;1;1;0.9173959494;0.04837359861;0.1390801072;0
1;4;1;1;0.8694990277;0.2266787291;0;0
1;4;1;1;0.9014127851;0.09961821884;0.09732379019;0
1;4;1;1;0.8264953494;0.3238524497;0;0
1;4;1;1;0.8838617802;0.1370438635;0.06965236366;0
1;4;1;1;0.7299206853;0.3389670849;0;0
1;4;1;1;0.8866957426;0.06040977687;0.1422214061;0
1;4;1;1;0.8842661977;0.1386119723;0.06794525683;0
1;4;1;1;0.7940411568;0.2777443528;0;0
1;4;1;1;0.8749437928;0.1648369879;0.04712510109;0
1;4;1;1;0.9031379223;0.09473578632;0.1012049988;0
1;4;1;1;0.8946099281;0.06004861742;0.1387666911;0
1;4;1;1;0.9229179621;0.04814736545;0.1366448104;0
1;4;1;1;0.8983573318;0.1094549075;0.08930233866;0
1;4;1;1;0.8648868799;0.210018754;0.008369907737;0
1;4;1;1;0.8654935956;0.134063527;0.08572853357;0
1;4;1;1;0.9087600708;0.1013942957;0.09207966179;0
1;4;1;1;0.8960630894;0.07567634434;0.1229919046;0
1;4;1;1;0.9270308018;0;0.1921034008;0
1;4;1;1;0.9842813015;0;0.3361522555;0
1;4;1;1;0.9021847248;0.09679877013;0.09967285395;0
1;4;1;1;0.8857693672;0.145485729;0.06059159338;0
1;4;1;1;0.9028220177;0.09549856186;0.100620918;0
1;4;1;1;0.8539468646;0.01445573941;0.2098698914;0
1;4;1;1;0.9331143498;0;0.2097193748;0
1;4;1;1;0.9251354933;0.03506419808;0.1482008249;0
1;4;1;1;0.9045341015;0.07725037634;0.1174026877;0
1;4;1;1;0.8977521062;0.1411156356;0.0590492487;0
1;4;1;1;0.9039542675;0.09064020216;0.104763791;0
1;4;1;1;0.8989011645;0.1357298493;0.06369288266;0
1;4;1;1;0.9001414776;0.03261199221;0.1625773609;0
1;4;1;1;0.8824148178;0.1624208689;0.04586583376;0
1;4;1;1;0;0.6092916727;0.4097866416;0
1;4;1;1;0.8828265667;0.2100162804;0;0
1;4;1;1;0.9002708197;0.09904183447;0.09842859209;0
1;4;1;1;0.8972765207;0.1080242246;0.09120193869;0
1;4;1;1;0.8939715624;0.09812441468;0.1023407131;0
1;4;1;1;0.8851662278;0.1346026659;0.07138057053;0
1;4;1;1;0.8947851658;0.09521957487;0.1047521457;0
1;4;1;1;0.8955902457;0.1954324245;0.007687330246;0
1;4;1;1;0.8460532427;0.1723638177;0.05877241492;0
1;4;1;1;0.8715405464;0.2232677937;0;0
1;4;1;1;0.931564033;0.02812014893;0.1518107504;0
1;4;1;1;0.912119925;0.06210809574;0.1277534664;0
1;4;1;1;0.8993250728;0.1029581428;0.09510493279;0
1;4;1;1;0.9173777103;0.01748749986;0.1679555029;0
1;4;1;1;0.9074115753;0.08333297819;0.1101518869;0
1;4;1;1;0.9002289176;0.0818599239;0.1150245368;0
1;4;1;1;0.8353642821;0.2140960693;0.02348205447;0
1;4;1;1;0.964953661;0;0.2914087772;0
1;4;1;1;0.8826312423;0.2139632404;0;0
1;4;1;1;0.8858588338;0.1710878164;0.03584958613;0
1;4;1;1;0.9070689082;0.09900699556;0.09519537538;0
1;4;1;1;0.8842936158;0.1446020156;0.06215328723;0
1;4;1;1;0.8975380659;0.1087969542;0.09033086151;0
1;4;1;1;0.8926548362;0.120995298;0.08090936393;0
1;4;1;1;0.8870491982;0.07254287601;0.1303464025;0
1;4;1;1;0.88899225;0.1794605255;0.02626648545;0
1;4;1;1;0.9005056024;0.0788526088;0.1177928597;0
1;4;1;1;0.8981129527;0.1468243003;0.05336858332;0
1;4;1;1;0;0.7889370322;0.396300137;0
1;4;1;1;0.8988003731;0.1321600378;0.06718523055;0
1;4;1;1;0.9235215783;0.04962943494;0.1349249482;0
1;4;1;1;0.9043015838;0.08980955929;0.1053982601;0
1;4;1;1;0.8977671862;0.1160853058;0.0831894502;0
1;4;1;1;0.8620534539;0.1543088853;0.06347627938;0
1;4;1;1;0.8930711746;0.1084700972;0.09279265255;0
1;4;1;1;0.885317564;0.1158218235;0.090795286;0
1;4;1;1;0.8507812619;0.1918691844;0.03535552323;0
1;4;1;1;0.936427176;0;0.2234493494;0
1;4;1;1;0.878762722;0.09999074042;0.1104436666;0
1;4;1;1;0.8755978346;0.1631135941;0.04847341776;0
1;4;1;1;0.8877757788;0.1511646807;0.05414880812;0
1;4;1;1;0.8981941342;0.1208206862;0.07841590792;0
1;4;1;1;0.9013912082;0.1266927719;0.07121463865;0
1;4;1;1;0.9114759564;0.06231817231;0.1284722686;0
1;4;1;1;0.8864455223;0.1811094284;0.02589955926;0
1;4;1;1;0.8843722343;0.1668908;0.04061293602;0
1;4;1;1;0.909504056;0.09309013933;0.09973334521;0
1;4;1;1;0.8837596774;0.1293945163;0.07708095014;0
1;4;1;1;0.9040459991;0.1161534786;0.08010641485;0
1;4;1;1;0.9292742014;0.0105849877;0.1696890891;0
1;4;1;1;0.9016737938;0.1104403734;0.08675794303;0
1;4;1;1;0.9156376123;0.08237404376;0.1071240008;0
1;4;1;1;0.900178194;0.1000334322;0.09751647711;0
1;4;1;1;0.3841079473;0.7275404334;0;0
1;4;1;1;0.8297278881;0.2031378448;0.03792186081;0
1;4;1;1;0;0.9153884649;0.1013432741;0
1;4;1;1;0.8832334876;0.1424952149;0.06469525397;0
1;4;1;1;0.912932992;0.05569694936;0.133252427;0
1;4;1;1;0.8924456835;0.1446679235;0.05817226321;0
1;4;1;1;0.9221473932;0.07915693521;0.1070993617;0
1;4;1;1;0.6239606142;0.4696812928;0;0
1;4;1;1;0.8986886144;0.1085797995;0.08998739719;0
1;4;1;1;0.9006357789;0.1018060148;0.09558650851;0
1;4;1;1;0.8361067176;0.2740523815;0;0
1;4;1;1;0.8885587454;0.1155480444;0.08813280612;0
1;4;1;1;0.9284877777;0.02956688032;0.1518933177;0
1;4;1;1;0.748719275;0.5709548593;0;0
1;4;1;1;0.5909602642;0.3521668613;0.05150820315;0
1;4;1;1;0.8914359808;0.1315718591;0.0712915957;0
1;4;1;1;0.8120883703;0.1819194257;0.07405846566;0
1;4;1;1;0.8848115802;0.1333497316;0.07275979221;0
1;4;1;1;0.24060072;0.04966454208;0.6216138601;0
1;4;1;1;0.8931215405;0.1334885806;0.06863247603;0
1;4;1;1;0.8790791631;0.1569209099;0.05277471989;0
1;4;1;1;0.886921823;0.1555216908;0.05035580695;0
1;4;1;1;0.9099174738;0.09211262316;0.1004777327;0
1;4;1;1;0.9016079307;0.1148285419;0.08255616575;0
1;4;1;1;0.3387981355;0.7128946781;0;0
1;4;1;1;0.8833764791;0.150516659;0.05688800663;0
1;4;1;1;0.9179316759;0.05848732591;0.129065752;0
1;4;1;1;0.9144565463;0.0505951196;0.1375631839;0
1;4;1;1;0.8378326893;0.2806892693;0;0
1;4;1;1;0.8808784485;0.1476728171;0.06083196402;0
1;4;1;1;0.9138925672;0.05191205069;0.1364346296;0
1;4;1;1;0.7607337832;0.6408111453;0;0
1;4;1;1;0.883683145;0.1431266367;0.06386999041;0
1;4;1;1;0.1793086231;0.1057988405;0.6073774099;0
1;4;1;1;0.9407820702;0;0.2972174287;0
1;4;1;1;0.8544822931;0.222535491;0.002187222242;0
1;4;1;1;0.8313362598;0.2973456979;0;0
1;4;1;1;0.9234817624;0.01502625644;0.1683266908;0
1;4;1;1;0.9083065987;0.08976327628;0.1035183221;0
1;4;1;1;0.9019377828;0.1215589195;0.07590473443;0
1;4;1;1;0.8837331533;0.148293525;0.0588613376;0
1;4;1;1;0.8828838468;0.1631471664;0.0449397862;0
1;4;1;1;0.9000179172;0.08652867377;0.1106219143;0
